SQL> HOST LS

SQL> HOST ls

SQL> SELECT A
  2  FROM ASIGNATURA NATURAL JOIN AREA
  3  WHERE AR='A'*;
WHERE AR='A'*
            *
ERROR at line 3:
ORA-00936: missing expression 


SQL> SELECT A
  2  FROM ASIGNATURA NATURAL JOIN AREA
  3  SELECT A
  4  
SQL> SELECT A
  2  FROM ASIGNATURA NATURAL JOIN AREA
  3  WHERE AR='A';

no rows selected

SQL> SQRT(POW(2,5))
SP2-0734: unknown command beginning "SQRT(POW(2..." - rest of line ignored.
SQL> SYSDATE
SP2-0042: unknown command "SYSDATE" - rest of line ignored.
SQL> 
SQL> SYSDATE
SP2-0042: unknown command "SYSDATE" - rest of line ignored.
SQL> SELECT *
  2  FROM DUAL
  3  WHERE (SYSDATE);
WHERE (SYSDATE)
              *
ERROR at line 3:
ORA-00920: invalid relational operator 


SQL> (SYSDATE)
  2  ;
(SYSDATE)
 *
ERROR at line 1:
ORA-00928: missing SELECT keyword 


SQL> SELECT (SYSDATE - (DATE "1996-09-15"))
  2  FROM DUAL;
SELECT (SYSDATE - (DATE "1996-09-15"))
                   *
ERROR at line 1:
ORA-00936: missing expression 


SQL> SELECT (SYSDATE - (DATE "1996-09-15"))
  2  ;
SELECT (SYSDATE - (DATE "1996-09-15"))
                   *
ERROR at line 1:
ORA-00936: missing expression 


SQL> SELECT (SYSDATE - (DATE '1996-09-15'))
  2  FROM DUAL;

(SYSDATE-(DATE'1996-09-15'))                                                                                                                          
----------------------------                                                                                                                          
                  8096.51438                                                                                                                          

SQL> SELECT A
  2  FROM ASIGNATURA NATURAL JOIN AREA
  3  WHERE AR='A%';

no rows selected

SQL> SELECT A
  2  FROM ASIGNATURA NATURAL JOIN AREA
  3  WHERE AR='A'%;
WHERE AR='A'%
            *
ERROR at line 3:
ORA-00911: invalid character 


SQL> SELECT A
  2  FROM ASIGNATURA NATURAL JOIN AREA
  3  WHERE AR LIKE 'A'%;
WHERE AR LIKE 'A'%
                 *
ERROR at line 3:
ORA-00911: invalid character 


SQL> SELECT A
  2  FROM ASIGNATURA NATURAL JOIN AREA
  3  WHERE AR LIKE 'A%';

A                                                                                                                                                     
--------------------------------------------------                                                                                                    
ALGEBRA                                                                                                                                               
ANALISIS COMPLEJO                                                                                                                                     
ASTRONOMIA                                                                                                                                            

SQL> SELECT A
  2  FROM ASIGNATURA NATURAL JOIN AREA
  3  WHERE AR LIKE '%A';

A                                                                                                                                                     
--------------------------------------------------                                                                                                    
ALGEBRA                                                                                                                                               
ASTRONOMIA                                                                                                                                            
ENSENANZA DE LA MATEMATICA                                                                                                                            
OPTIMIZACION                                                                                                                                          
CALCULO                                                                                                                                               

SQL> SELECT A
  2  FROM ASIGNATURA
  3  WHERE A LIKE '%DATOS%';

A                                                                                                                                                     
--------------------------------------------------                                                                                                    
BASES DE DATOS                                                                                                                                        
ALMACENES DE DATOS                                                                                                                                    
MINERIA DE DATOS                                                                                                                                      

SQL> SELECT DISTINCT(DNI)
  2  FROM PLAN_DOCENTE
  3  
SQL> 
SQL> SELECT DISTINCT(DNI)
  2  FROM PROFESOR
  3  WHERE P LIKE '___R%';

       DNI                                                                                                                                            
----------                                                                                                                                            
      3333                                                                                                                                            

SQL> SELECT DISTINCT(DNI)
  2  FROM PROFESOR
  3  WHERE P LIKE '__R%';

       DNI                                                                                                                                            
----------                                                                                                                                            
      2222                                                                                                                                            
      4444                                                                                                                                            
      6666                                                                                                                                            
      7777                                                                                                                                            

SQL> SELECT DISTINCT(DNI)
  2  FROM PROFESOR
  3  WHERE P LIKE '_____';

       DNI                                                                                                                                            
----------                                                                                                                                            
      3333                                                                                                                                            
      4444                                                                                                                                            
      7777                                                                                                                                            
      1010                                                                                                                                            

SQL> WHERE P LIKE '_____%';
SP2-0734: unknown command beginning "WHERE P LI..." - rest of line ignored.
SQL> SELECT DISTINCT(DNI)
  2  FROM PROFESOR
  3  WHERE P LIKE '_____%';

       DNI                                                                                                                                            
----------                                                                                                                                            
      2222                                                                                                                                            
      3333                                                                                                                                            
      4444                                                                                                                                            
      6666                                                                                                                                            
      7777                                                                                                                                            
      8888                                                                                                                                            
      9999                                                                                                                                            
      1010                                                                                                                                            
      2020                                                                                                                                            
      3030                                                                                                                                            

10 rows selected.

SQL> SELECT DISTINCT(DNI)
  2  FROM PROFESOR
  3  WHERE P LIKE '[_____]';

no rows selected

SQL> SELECT DISTINCT(DNI)
  2  FROM PROFESOR
  3  WHERE P NOT LIKE '%_____%';

       DNI                                                                                                                                            
----------                                                                                                                                            
      1111                                                                                                                                            
      5555                                                                                                                                            

SQL> SELECT DISTINCT(DNI)
  2  FROM PROFESOR
  3  WHERE P NOT LIKE '_____%';

       DNI                                                                                                                                            
----------                                                                                                                                            
      1111                                                                                                                                            
      5555                                                                                                                                            

SQL> SELECT DISTINCT(DNI)
  2  FROM PROFESOR
  3  WHERE P NOT LIKE '______%';

       DNI                                                                                                                                            
----------                                                                                                                                            
      1111                                                                                                                                            
      3333                                                                                                                                            
      4444                                                                                                                                            
      5555                                                                                                                                            
      7777                                                                                                                                            
      1010                                                                                                                                            

6 rows selected.

SQL> SELECT DISTINCT(DNI)
  2  FROM PROFESOR
  3  WHERE P LIKE '_____%';

       DNI                                                                                                                                            
----------                                                                                                                                            
      2222                                                                                                                                            
      3333                                                                                                                                            
      4444                                                                                                                                            
      6666                                                                                                                                            
      7777                                                                                                                                            
      8888                                                                                                                                            
      9999                                                                                                                                            
      1010                                                                                                                                            
      2020                                                                                                                                            
      3030                                                                                                                                            

10 rows selected.

SQL> SELECT P
  2  FROM PROFESOR NATURAL JOIN PLAN
  3  WHERE
  4  
SQL> SELECT DISTINCT(P)
  2  FROM PROFESOR NATURAL JOIN PLAN
  3  WHERE FF=NULL;
FROM PROFESOR NATURAL JOIN PLAN
                           *
ERROR at line 2:
ORA-00942: table or view does not exist 


SQL> WHERE
SP2-0042: unknown command "WHERE" - rest of line ignored.
SQL> SELECT DISTINCT(P)
  2  FROM PROFESOR NATURAL JOIN PLAN
  3  WHERE FF='NULL';
FROM PROFESOR NATURAL JOIN PLAN
                           *
ERROR at line 2:
ORA-00942: table or view does not exist 


SQL> SELECT DISTINCT(P)
  2  FROM PROFESOR NATURAL JOIN PLAN_DOCENTE
  3  WHERE FF='NULL';
WHERE FF='NULL'
         *
ERROR at line 3:
ORA-01858: a non-numeric character was found where a numeric was expected 


SQL> SELECT DISTINCT(P)
  2  FROM PROFESOR NATURAL JOIN PLAN_DOCENTE
  3  WHERE FF=NULL;

no rows selected

SQL> SELECT DISTINCT(P)
  2  FROM PROFESOR NATURAL JOIN PLAN_DOCENTE
  3  WHERE FF IS NULL;

P                                                                                                                                                     
------------------------------------------------------------                                                                                          
MARIO                                                                                                                                                 
JUAN                                                                                                                                                  
PEDRO                                                                                                                                                 
FRANCISCO                                                                                                                                             
SOLEDAD                                                                                                                                               
DAVID                                                                                                                                                 
CARLOS                                                                                                                                                
IVAN                                                                                                                                                  
MARIA                                                                                                                                                 
JOSE MANUEL                                                                                                                                           
ANGELA                                                                                                                                                

11 rows selected.

SQL> SELECT DISTINCT(P)
  2  FROM PROFESOR NATURAL JOIN PLAN_DOCENTE
  3  WHERE (CAS=8) AND (FI IS NOT NULL);

P                                                                                                                                                     
------------------------------------------------------------                                                                                          
JUAN                                                                                                                                                  
JOSE MANUEL                                                                                                                                           

SQL> SELECT *
  2  FROM PLAN_DOCENTE
  3  ORDER BY FF;

       DNI        CAS        CTA        CPA        CLA FI        FF                                                                                   
---------- ---------- ---------- ---------- ---------- --------- ---------                                                                            
      2222          3        1.5          0        1.5 01-SEP-06 31-AUG-07                                                                            
      1010          2        1.5        1.5          3 01-SEP-05 31-AUG-08                                                                            
      1010          9          3          0          3 01-SEP-08 31-AUG-09                                                                            
      1111          8          3        1.5        1.5 01-SEP-07 31-AUG-09                                                                            
      4444          4        1.5          0        1.5 01-SEP-08 31-AUG-10                                                                            
      6666         10          3        1.5        1.5 01-SEP-08 31-AUG-11                                                                            
      1010          9        1.5          0        1.5 01-SEP-09                                                                                      
      9999          7          3          3          0 01-SEP-10                                                                                      
      5555          6          3          3          0 31-MAR-10                                                                                      
      8888         11          6          0          0 01-SEP-09                                                                                      
      2020          3        1.5          0        1.5 01-SEP-08                                                                                      
      7777         12        4.5          3          0 01-SEP-10                                                                                      
      2222          4        1.5          0        1.5 01-SEP-09                                                                                      
      3030          8          0        1.5        1.5 01-SEP-09                                                                                      
      1111          8          3          0          0 01-SEP-09                                                                                      
      4444          5          3          0          0 01-SEP-10                                                                                      
      4444          1          3        1.5        1.5 01-SEP-11                                                                                      
      3333          9        1.5          0        1.5 01-SEP-09                                                                                      
      3333          2        1.5        1.5          3 01-SEP-08                                                                                      

19 rows selected.

SQL> SELECT *
  2  FROM PLAN_DOCENTE
  3  ORDER BY FF ASC;

       DNI        CAS        CTA        CPA        CLA FI        FF                                                                                   
---------- ---------- ---------- ---------- ---------- --------- ---------                                                                            
      2222          3        1.5          0        1.5 01-SEP-06 31-AUG-07                                                                            
      1010          2        1.5        1.5          3 01-SEP-05 31-AUG-08                                                                            
      1010          9          3          0          3 01-SEP-08 31-AUG-09                                                                            
      1111          8          3        1.5        1.5 01-SEP-07 31-AUG-09                                                                            
      4444          4        1.5          0        1.5 01-SEP-08 31-AUG-10                                                                            
      6666         10          3        1.5        1.5 01-SEP-08 31-AUG-11                                                                            
      1010          9        1.5          0        1.5 01-SEP-09                                                                                      
      9999          7          3          3          0 01-SEP-10                                                                                      
      5555          6          3          3          0 31-MAR-10                                                                                      
      8888         11          6          0          0 01-SEP-09                                                                                      
      2020          3        1.5          0        1.5 01-SEP-08                                                                                      
      7777         12        4.5          3          0 01-SEP-10                                                                                      
      2222          4        1.5          0        1.5 01-SEP-09                                                                                      
      3030          8          0        1.5        1.5 01-SEP-09                                                                                      
      1111          8          3          0          0 01-SEP-09                                                                                      
      4444          5          3          0          0 01-SEP-10                                                                                      
      4444          1          3        1.5        1.5 01-SEP-11                                                                                      
      3333          9        1.5          0        1.5 01-SEP-09                                                                                      
      3333          2        1.5        1.5          3 01-SEP-08                                                                                      

19 rows selected.

SQL> SELECT *
  2  FROM PLAN_DOCENTE
  3  ORDER BY FF DESC;

       DNI        CAS        CTA        CPA        CLA FI        FF                                                                                   
---------- ---------- ---------- ---------- ---------- --------- ---------                                                                            
      3333          2        1.5        1.5          3 01-SEP-08                                                                                      
      7777         12        4.5          3          0 01-SEP-10                                                                                      
      2020          3        1.5          0        1.5 01-SEP-08                                                                                      
      8888         11          6          0          0 01-SEP-09                                                                                      
      5555          6          3          3          0 31-MAR-10                                                                                      
      9999          7          3          3          0 01-SEP-10                                                                                      
      3333          9        1.5          0        1.5 01-SEP-09                                                                                      
      4444          1          3        1.5        1.5 01-SEP-11                                                                                      
      4444          5          3          0          0 01-SEP-10                                                                                      
      1111          8          3          0          0 01-SEP-09                                                                                      
      3030          8          0        1.5        1.5 01-SEP-09                                                                                      
      2222          4        1.5          0        1.5 01-SEP-09                                                                                      
      1010          9        1.5          0        1.5 01-SEP-09                                                                                      
      6666         10          3        1.5        1.5 01-SEP-08 31-AUG-11                                                                            
      4444          4        1.5          0        1.5 01-SEP-08 31-AUG-10                                                                            
      1111          8          3        1.5        1.5 01-SEP-07 31-AUG-09                                                                            
      1010          9          3          0          3 01-SEP-08 31-AUG-09                                                                            
      1010          2        1.5        1.5          3 01-SEP-05 31-AUG-08                                                                            
      2222          3        1.5          0        1.5 01-SEP-06 31-AUG-07                                                                            

19 rows selected.

SQL> SELECT DISTINCT(P)
  2  FROM PROFESOR NATURAL JOIN PLAN_DOCENTE
  3  WHERE
  4  
SQL> REM CONSULTA 11
SQL> COMMIT WORK
  2  ;

Commit complete.

SQL> SPOOL OFF
